Name,Time
KENNEDY,15:51:54

KENNEDY,15:59:48
KENNEDY,15:59:51
KENNEDY,16:02:12
KENNEDY,16:02:15
KENNEDY,16:02:19
KENNEDY,16:02:22
RAILA,16:03:43
RAILA,16:03:43
RAILA,16:03:43
RAILA,16:03:43
RAILA,16:03:43
RAILA,16:03:43
RAILA,16:03:43
RAILA,16:03:43
RAILA,16:03:43
RAILA,16:03:47
RAILA,16:03:47
RAILA,16:03:47
RAILA,16:03:47
RAILA,16:03:47
RAILA,16:03:47
RAILA,16:03:47
RAILA,16:03:47
RAILA,16:03:47
RAILA,16:03:49
RAILA,16:03:49
RAILA,16:03:49
RAILA,16:03:49
RAILA,16:03:49
RAILA,16:03:49
RAILA,16:03:49
RAILA,16:03:49
RAILA,16:03:49
RAILA,16:03:51
RAILA,16:03:51
RAILA,16:03:51
RAILA,16:03:51
RAILA,16:03:51
RAILA,16:03:51
RAILA,16:03:51
RAILA,16:03:51
RAILA,16:03:51
RAILA,16:04:14
RAILA,16:04:14
RAILA,16:04:14
RAILA,16:04:14
RAILA,16:04:14
RAILA,16:04:14
RAILA,16:04:14
RAILA,16:04:14
RAILA,16:04:14
RAILA,16:04:17
RAILA,16:04:17
RAILA,16:04:17
RAILA,16:04:17
RAILA,16:04:17
RAILA,16:04:17
RAILA,16:04:17
RAILA,16:04:17
RAILA,16:04:17
RAILA,16:04:31
RAILA,16:04:31
RAILA,16:04:31
RAILA,16:04:31
RAILA,16:04:31
RAILA,16:04:31
RAILA,16:04:31
RAILA,16:04:31
RAILA,16:04:31
RAILA,16:04:36
RAILA,16:04:36
RAILA,16:04:36
RAILA,16:04:36
RAILA,16:04:36
RAILA,16:04:36
RAILA,16:04:36
RAILA,16:04:36
RAILA,16:04:36
RAILA,16:04:40
RAILA,16:04:40
RAILA,16:04:40
RAILA,16:04:40
RAILA,16:04:40
RAILA,16:04:40
RAILA,16:04:40
RAILA,16:04:40
RAILA,16:04:40
RAILA,16:04:45
RAILA,16:04:45
RAILA,16:04:45
RAILA,16:04:45
RAILA,16:04:45
RAILA,16:04:45
RAILA,16:04:45
RAILA,16:04:45
RAILA,16:04:45
RAILA,16:04:49
RAILA,16:04:49
RAILA,16:04:49
RAILA,16:04:49
RAILA,16:04:49
RAILA,16:04:49
RAILA,16:04:49
RAILA,16:04:49
RAILA,16:04:49
RAILA,16:04:52
RAILA,16:04:52
RAILA,16:04:52
RAILA,16:04:52
RAILA,16:04:52
RAILA,16:04:52
RAILA,16:04:52
RAILA,16:04:52
RAILA,16:04:52
RAILA,16:04:54
RAILA,16:04:54
RAILA,16:04:54
RAILA,16:04:54
RAILA,16:04:54
RAILA,16:04:54
RAILA,16:04:54
RAILA,16:04:54
RAILA,16:04:54
RAILA,16:04:57
RAILA,16:04:57
RAILA,16:04:57
RAILA,16:04:57
RAILA,16:04:57
RAILA,16:04:57
RAILA,16:04:57
RAILA,16:04:57
RAILA,16:04:57
RAILA,16:05:20
RAILA,16:05:20
RAILA,16:05:20
RAILA,16:05:20
RAILA,16:05:20
RAILA,16:05:20
RAILA,16:05:20
RAILA,16:05:20
RAILA,16:05:20
RAILA,16:05:23
RAILA,16:05:23
RAILA,16:05:23
RAILA,16:05:23
RAILA,16:05:23
RAILA,16:05:23
RAILA,16:05:23
RAILA,16:05:23
RAILA,16:05:23
RAILA,16:05:25
RAILA,16:05:25
RAILA,16:05:25
RAILA,16:05:25
RAILA,16:05:25
RAILA,16:05:25
RAILA,16:05:25
RAILA,16:05:25
RAILA,16:05:25
RAILA,16:05:28
RAILA,16:05:28
RAILA,16:05:28
RAILA,16:05:28
RAILA,16:05:28
RAILA,16:05:28
RAILA,16:05:28
RAILA,16:05:28
RAILA,16:05:28
RAILA,16:05:30
RAILA,16:05:30
RAILA,16:05:30
RAILA,16:05:30
RAILA,16:05:30
RAILA,16:05:30
RAILA,16:05:30
RAILA,16:05:30
RAILA,16:05:30
RAILA,16:05:32
RAILA,16:05:32
RAILA,16:05:32
RAILA,16:05:32
RAILA,16:05:32
RAILA,16:05:32
RAILA,16:05:32
RAILA,16:05:32
RAILA,16:05:32
RAILA,16:05:53
RAILA,16:05:53
RAILA,16:05:53
RAILA,16:05:53
RAILA,16:05:53
RAILA,16:05:53
RAILA,16:05:53
RAILA,16:05:53
RAILA,16:05:53
UHURU KENYATA,16:05:56
UHURU KENYATA,16:05:56
UHURU KENYATA,16:05:56
UHURU KENYATA,16:05:56
UHURU KENYATA,16:05:56
UHURU KENYATA,16:05:56
UHURU KENYATA,16:05:56
UHURU KENYATA,16:05:56
UHURU KENYATA,16:05:56
UHURU KENYATA,16:05:56
UHURU KENYATA,16:05:56
UHURU KENYATA,16:05:56
UHURU KENYATA,16:05:56
UHURU KENYATA,16:05:56
UHURU KENYATA,16:05:56
UHURU KENYATA,16:05:56
UHURU KENYATA,16:05:56
UHURU KENYATA,16:05:56
UHURU KENYATA,16:05:56
UHURU KENYATA,16:05:56
UHURU KENYATA,16:05:56
UHURU KENYATA,16:05:56
UHURU KENYATA,16:05:56
UHURU KENYATA,16:05:56
UHURU KENYATA,16:05:56
UHURU KENYATA,16:05:56
UHURU KENYATA,16:05:56
UHURU KENYATA,16:05:56
UHURU KENYATA,16:05:56
UHURU KENYATA,16:05:56
UHURU KENYATA,16:05:56
UHURU KENYATA,16:05:56
UHURU KENYATA,16:05:56
UHURU KENYATA,16:05:56
UHURU KENYATA,16:05:56
UHURU KENYATA,16:05:56
UHURU KENYATA,16:05:56
UHURU KENYATA,16:05:56
UHURU KENYATA,16:05:56
UHURU KENYATA,16:05:56
UHURU KENYATA,16:05:56
UHURU KENYATA,16:05:56
UHURU KENYATA,16:05:56
UHURU KENYATA,16:05:56
UHURU KENYATA,16:05:56
UHURU KENYATA,16:05:56
UHURU KENYATA,16:05:56
UHURU KENYATA,16:05:56
UHURU KENYATA,16:05:56
UHURU KENYATA,16:05:56
UHURU KENYATA,16:05:56
UHURU KENYATA,16:05:56
UHURU KENYATA,16:05:56
UHURU KENYATA,16:05:56
UHURU KENYATA,16:05:56
UHURU KENYATA,16:05:56
UHURU KENYATA,16:05:56
UHURU KENYATA,16:05:56
UHURU KENYATA,16:05:56
UHURU KENYATA,16:05:56
UHURU KENYATA,16:05:56
UHURU KENYATA,16:05:56
UHURU KENYATA,16:05:56
UHURU KENYATA,16:05:56
UHURU KENYATA,16:05:56
UHURU KENYATA,16:05:56
UHURU KENYATA,16:05:56
UHURU KENYATA,16:05:56
UHURU KENYATA,16:05:56
UHURU KENYATA,16:05:56
UHURU KENYATA,16:05:56
UHURU KENYATA,16:05:56
UHURU KENYATA,16:05:56
UHURU KENYATA,16:05:56
UHURU KENYATA,16:05:56
UHURU KENYATA,16:05:56
UHURU KENYATA,16:05:56
UHURU KENYATA,16:05:56
UHURU KENYATA,16:05:56
UHURU KENYATA,16:05:56
UHURU KENYATA,16:05:56
UHURU KENYATA,16:05:56
UHURU KENYATA,16:05:56
UHURU KENYATA,16:05:56
UHURU KENYATA,16:05:56
UHURU KENYATA,16:05:56
UHURU KENYATA,16:05:56
UHURU KENYATA,16:05:56
UHURU KENYATA,16:05:56
UHURU KENYATA,16:05:56
UHURU KENYATA,16:05:56
UHURU KENYATA,16:05:56
UHURU KENYATA,16:05:56
UHURU KENYATA,16:05:56
UHURU KENYATA,16:05:56
UHURU KENYATA,16:05:56
UHURU KENYATA,16:05:56
UHURU KENYATA,16:05:56
UHURU KENYATA,16:05:56
UHURU KENYATA,16:05:56
UHURU KENYATA,16:05:56
UHURU KENYATA,16:05:56
UHURU KENYATA,16:05:56
UHURU KENYATA,16:05:56
UHURU KENYATA,16:05:56
UHURU KENYATA,16:05:56
UHURU KENYATA,16:05:56
UHURU KENYATA,16:05:56
UHURU KENYATA,16:05:56
UHURU KENYATA,16:05:56
UHURU KENYATA,16:05:56
UHURU KENYATA,16:05:56
UHURU KENYATA,16:05:56
UHURU KENYATA,16:05:56
UHURU KENYATA,16:05:56
UHURU KENYATA,16:05:56
UHURU KENYATA,16:05:56
UHURU KENYATA,16:05:56
UHURU KENYATA,16:05:56
UHURU KENYATA,16:05:56
UHURU KENYATA,16:05:56
UHURU KENYATA,16:05:56
UHURU KENYATA,16:05:56
UHURU KENYATA,16:05:56
UHURU KENYATA,16:05:56
UHURU KENYATA,16:05:56
UHURU KENYATA,16:05:56
UHURU KENYATA,16:05:56
UHURU KENYATA,16:05:56
UHURU KENYATA,16:05:56
UHURU KENYATA,16:05:56
UHURU KENYATA,16:05:56
UHURU KENYATA,16:05:56
UHURU KENYATA,16:05:56
UHURU KENYATA,16:05:56
UHURU KENYATA,16:05:56
UHURU KENYATA,16:05:56
UHURU KENYATA,16:05:56
UHURU KENYATA,16:05:56
UHURU KENYATA,16:05:56
UHURU KENYATA,16:05:56
UHURU KENYATA,16:05:56
UHURU KENYATA,16:05:56
UHURU KENYATA,16:05:56
UHURU KENYATA,16:05:56
UHURU KENYATA,16:05:56
UHURU KENYATA,16:05:56
UHURU KENYATA,16:05:56
UHURU KENYATA,16:05:56
UHURU KENYATA,16:05:56
UHURU KENYATA,16:05:56
UHURU KENYATA,16:05:56
UHURU KENYATA,16:05:56
UHURU KENYATA,16:05:56
UHURU KENYATA,16:05:56
UHURU KENYATA,16:05:56
UHURU KENYATA,16:05:56
UHURU KENYATA,16:05:56
UHURU KENYATA,16:05:56
UHURU KENYATA,16:05:56
UHURU KENYATA,16:05:56
UHURU KENYATA,16:05:56
UHURU KENYATA,16:05:56
UHURU KENYATA,16:05:56
UHURU KENYATA,16:05:56
UHURU KENYATA,16:05:56
UHURU KENYATA,16:05:56
UHURU KENYATA,16:05:56
UHURU KENYATA,16:05:56
UHURU KENYATA,16:05:56
UHURU KENYATA,16:05:56
UHURU KENYATA,16:05:56
UHURU KENYATA,16:05:56
UHURU KENYATA,16:05:56
UHURU KENYATA,16:05:56
UHURU KENYATA,16:05:56
UHURU KENYATA,16:05:56
UHURU KENYATA,16:05:56
UHURU KENYATA,16:05:56
UHURU KENYATA,16:05:56
UHURU KENYATA,16:05:56
UHURU KENYATA,16:05:56
UHURU KENYATA,16:05:56
UHURU KENYATA,16:05:56
UHURU KENYATA,16:05:56
UHURU KENYATA,16:05:56
UHURU KENYATA,16:05:56
UHURU KENYATA,16:05:56
UHURU KENYATA,16:05:56
UHURU KENYATA,16:05:56
UHURU KENYATA,16:05:56
UHURU KENYATA,16:05:56
UHURU KENYATA,16:05:56
UHURU KENYATA,16:05:56
UHURU KENYATA,16:05:56
UHURU KENYATA,16:05:56
UHURU KENYATA,16:05:56
UHURU KENYATA,16:05:56
UHURU KENYATA,16:05:58
UHURU KENYATA,16:05:58
UHURU KENYATA,16:05:58
UHURU KENYATA,16:05:58
UHURU KENYATA,16:05:58
UHURU KENYATA,16:05:58
UHURU KENYATA,16:05:58
UHURU KENYATA,16:05:58
UHURU KENYATA,16:05:58
UHURU KENYATA,16:05:58
UHURU KENYATA,16:05:58
UHURU KENYATA,16:05:58
UHURU KENYATA,16:05:58
UHURU KENYATA,16:05:58
UHURU KENYATA,16:05:58
UHURU KENYATA,16:05:58
UHURU KENYATA,16:05:58
UHURU KENYATA,16:05:58
UHURU KENYATA,16:05:58
UHURU KENYATA,16:05:58
UHURU KENYATA,16:05:58
UHURU KENYATA,16:05:58
UHURU KENYATA,16:05:58
UHURU KENYATA,16:05:58
UHURU KENYATA,16:05:58
UHURU KENYATA,16:05:58
UHURU KENYATA,16:05:58
UHURU KENYATA,16:05:58
UHURU KENYATA,16:05:58
UHURU KENYATA,16:05:58
UHURU KENYATA,16:05:58
UHURU KENYATA,16:05:58
UHURU KENYATA,16:05:58
UHURU KENYATA,16:05:58
UHURU KENYATA,16:05:58
UHURU KENYATA,16:05:58
UHURU KENYATA,16:05:58
UHURU KENYATA,16:05:58
UHURU KENYATA,16:05:58
UHURU KENYATA,16:05:58
UHURU KENYATA,16:05:58
UHURU KENYATA,16:05:58
UHURU KENYATA,16:05:58
UHURU KENYATA,16:05:58
UHURU KENYATA,16:05:58
UHURU KENYATA,16:05:58
UHURU KENYATA,16:05:58
UHURU KENYATA,16:05:58
UHURU KENYATA,16:05:58
UHURU KENYATA,16:05:58
UHURU KENYATA,16:05:58
UHURU KENYATA,16:05:58
UHURU KENYATA,16:05:58
UHURU KENYATA,16:05:58
UHURU KENYATA,16:05:58
UHURU KENYATA,16:05:58
UHURU KENYATA,16:05:58
UHURU KENYATA,16:05:58
UHURU KENYATA,16:05:58
UHURU KENYATA,16:05:58
UHURU KENYATA,16:05:58
UHURU KENYATA,16:05:58
UHURU KENYATA,16:05:58
UHURU KENYATA,16:05:58
UHURU KENYATA,16:05:58
UHURU KENYATA,16:05:58
UHURU KENYATA,16:05:58
UHURU KENYATA,16:05:58
UHURU KENYATA,16:05:58
UHURU KENYATA,16:05:58
UHURU KENYATA,16:05:58
UHURU KENYATA,16:05:58
UHURU KENYATA,16:05:58
UHURU KENYATA,16:05:58
UHURU KENYATA,16:05:58
UHURU KENYATA,16:05:58
UHURU KENYATA,16:05:58
UHURU KENYATA,16:05:58
UHURU KENYATA,16:05:58
UHURU KENYATA,16:05:58
UHURU KENYATA,16:05:58
UHURU KENYATA,16:05:58
UHURU KENYATA,16:05:58
UHURU KENYATA,16:05:58
UHURU KENYATA,16:05:58
UHURU KENYATA,16:05:58
UHURU KENYATA,16:05:58
UHURU KENYATA,16:05:58
UHURU KENYATA,16:05:58
UHURU KENYATA,16:05:58
UHURU KENYATA,16:05:58
UHURU KENYATA,16:05:58
UHURU KENYATA,16:05:58
UHURU KENYATA,16:05:58
UHURU KENYATA,16:05:58
UHURU KENYATA,16:05:58
UHURU KENYATA,16:05:58
UHURU KENYATA,16:05:58
UHURU KENYATA,16:05:58
UHURU KENYATA,16:05:58
UHURU KENYATA,16:05:58
UHURU KENYATA,16:05:58
UHURU KENYATA,16:05:58
UHURU KENYATA,16:05:58
UHURU KENYATA,16:05:58
UHURU KENYATA,16:05:58
UHURU KENYATA,16:05:58
UHURU KENYATA,16:05:58
UHURU KENYATA,16:05:58
UHURU KENYATA,16:05:58
UHURU KENYATA,16:05:58
UHURU KENYATA,16:05:58
UHURU KENYATA,16:05:58
UHURU KENYATA,16:05:58
UHURU KENYATA,16:05:58
UHURU KENYATA,16:05:58
UHURU KENYATA,16:05:58
UHURU KENYATA,16:05:58
UHURU KENYATA,16:05:58
UHURU KENYATA,16:05:58
UHURU KENYATA,16:05:58
UHURU KENYATA,16:05:58
UHURU KENYATA,16:05:58
UHURU KENYATA,16:05:58
UHURU KENYATA,16:05:58
UHURU KENYATA,16:05:58
UHURU KENYATA,16:05:58
UHURU KENYATA,16:05:58
UHURU KENYATA,16:05:58
UHURU KENYATA,16:05:58
UHURU KENYATA,16:05:58
UHURU KENYATA,16:05:58
UHURU KENYATA,16:05:58
UHURU KENYATA,16:05:58
UHURU KENYATA,16:05:58
UHURU KENYATA,16:05:58
UHURU KENYATA,16:05:58
UHURU KENYATA,16:05:58
UHURU KENYATA,16:05:58
UHURU KENYATA,16:05:58
UHURU KENYATA,16:05:58
UHURU KENYATA,16:05:58
UHURU KENYATA,16:05:58
UHURU KENYATA,16:05:58
UHURU KENYATA,16:05:58
UHURU KENYATA,16:05:58
UHURU KENYATA,16:05:58
UHURU KENYATA,16:05:58
UHURU KENYATA,16:05:58
UHURU KENYATA,16:05:58
UHURU KENYATA,16:05:58
UHURU KENYATA,16:05:58
UHURU KENYATA,16:05:58
UHURU KENYATA,16:05:58
UHURU KENYATA,16:05:58
UHURU KENYATA,16:05:58
UHURU KENYATA,16:05:58
UHURU KENYATA,16:05:58
UHURU KENYATA,16:05:58
UHURU KENYATA,16:05:58
UHURU KENYATA,16:05:58
UHURU KENYATA,16:05:58
UHURU KENYATA,16:05:58
UHURU KENYATA,16:05:58
UHURU KENYATA,16:05:58
UHURU KENYATA,16:05:58
UHURU KENYATA,16:05:58
UHURU KENYATA,16:05:58
UHURU KENYATA,16:05:58
UHURU KENYATA,16:05:58
UHURU KENYATA,16:05:58
UHURU KENYATA,16:05:58
UHURU KENYATA,16:05:58
UHURU KENYATA,16:05:58
UHURU KENYATA,16:05:58
UHURU KENYATA,16:05:58
UHURU KENYATA,16:05:58
UHURU KENYATA,16:05:58
UHURU KENYATA,16:05:58
UHURU KENYATA,16:05:58
UHURU KENYATA,16:05:58
UHURU KENYATA,16:05:58
UHURU KENYATA,16:05:58
UHURU KENYATA,16:05:58
UHURU KENYATA,16:05:58
UHURU KENYATA,16:05:58
UHURU KENYATA,16:05:58
UHURU KENYATA,16:05:58
UHURU KENYATA,16:05:58
UHURU KENYATA,16:05:58
UHURU KENYATA,16:05:58
UHURU KENYATA,16:05:58
UHURU KENYATA,16:05:58
UHURU KENYATA,16:05:58
UHURU KENYATA,16:05:58
UHURU KENYATA,16:05:58
UHURU KENYATA,16:05:58
UHURU KENYATA,16:05:58
UHURU KENYATA,16:06:00
UHURU KENYATA,16:06:00
UHURU KENYATA,16:06:00
UHURU KENYATA,16:06:00
UHURU KENYATA,16:06:00
UHURU KENYATA,16:06:00
UHURU KENYATA,16:06:00
UHURU KENYATA,16:06:00
UHURU KENYATA,16:06:00
UHURU KENYATA,16:06:00
UHURU KENYATA,16:06:00
UHURU KENYATA,16:06:00
UHURU KENYATA,16:06:00
UHURU KENYATA,16:06:00
UHURU KENYATA,16:06:00
UHURU KENYATA,16:06:00
UHURU KENYATA,16:06:00
UHURU KENYATA,16:06:00
UHURU KENYATA,16:06:00
UHURU KENYATA,16:06:00
UHURU KENYATA,16:06:00
UHURU KENYATA,16:06:00
UHURU KENYATA,16:06:00
UHURU KENYATA,16:06:00
UHURU KENYATA,16:06:00
UHURU KENYATA,16:06:00
UHURU KENYATA,16:06:00
UHURU KENYATA,16:06:00
UHURU KENYATA,16:06:00
UHURU KENYATA,16:06:00
UHURU KENYATA,16:06:00
UHURU KENYATA,16:06:00
UHURU KENYATA,16:06:00
UHURU KENYATA,16:06:00
UHURU KENYATA,16:06:00
UHURU KENYATA,16:06:00
UHURU KENYATA,16:06:00
UHURU KENYATA,16:06:00
UHURU KENYATA,16:06:00
UHURU KENYATA,16:06:00
UHURU KENYATA,16:06:00
UHURU KENYATA,16:06:00
UHURU KENYATA,16:06:00
UHURU KENYATA,16:06:00
UHURU KENYATA,16:06:00
UHURU KENYATA,16:06:00
UHURU KENYATA,16:06:00
UHURU KENYATA,16:06:00
UHURU KENYATA,16:06:00
UHURU KENYATA,16:06:00
UHURU KENYATA,16:06:00
UHURU KENYATA,16:06:00
UHURU KENYATA,16:06:00
UHURU KENYATA,16:06:00
UHURU KENYATA,16:06:00
UHURU KENYATA,16:06:00
UHURU KENYATA,16:06:00
UHURU KENYATA,16:06:00
UHURU KENYATA,16:06:00
UHURU KENYATA,16:06:00
UHURU KENYATA,16:06:00
UHURU KENYATA,16:06:00
UHURU KENYATA,16:06:00
UHURU KENYATA,16:06:00
UHURU KENYATA,16:06:00
UHURU KENYATA,16:06:00
UHURU KENYATA,16:06:00
UHURU KENYATA,16:06:00
UHURU KENYATA,16:06:00
UHURU KENYATA,16:06:00
UHURU KENYATA,16:06:00
UHURU KENYATA,16:06:00
UHURU KENYATA,16:06:00
UHURU KENYATA,16:06:00
UHURU KENYATA,16:06:00
UHURU KENYATA,16:06:00
UHURU KENYATA,16:06:00
UHURU KENYATA,16:06:00
UHURU KENYATA,16:06:00
UHURU KENYATA,16:06:00
UHURU KENYATA,16:06:00
UHURU KENYATA,16:06:00
UHURU KENYATA,16:06:00
UHURU KENYATA,16:06:00
UHURU KENYATA,16:06:00
UHURU KENYATA,16:06:00
UHURU KENYATA,16:06:00
UHURU KENYATA,16:06:00
UHURU KENYATA,16:06:00
UHURU KENYATA,16:06:00
UHURU KENYATA,16:06:00
UHURU KENYATA,16:06:00
UHURU KENYATA,16:06:00
UHURU KENYATA,16:06:00
UHURU KENYATA,16:06:00
UHURU KENYATA,16:06:00
UHURU KENYATA,16:06:00
UHURU KENYATA,16:06:00
UHURU KENYATA,16:06:00
UHURU KENYATA,16:06:00
UHURU KENYATA,16:06:00
UHURU KENYATA,16:06:00
UHURU KENYATA,16:06:00
UHURU KENYATA,16:06:00
UHURU KENYATA,16:06:00
UHURU KENYATA,16:06:00
UHURU KENYATA,16:06:00
UHURU KENYATA,16:06:00
UHURU KENYATA,16:06:00
UHURU KENYATA,16:06:00
UHURU KENYATA,16:06:00
UHURU KENYATA,16:06:00
UHURU KENYATA,16:06:00
UHURU KENYATA,16:06:00
UHURU KENYATA,16:06:00
UHURU KENYATA,16:06:00
UHURU KENYATA,16:06:00
UHURU KENYATA,16:06:00
UHURU KENYATA,16:06:00
UHURU KENYATA,16:06:00
UHURU KENYATA,16:06:00
UHURU KENYATA,16:06:00
UHURU KENYATA,16:06:00
UHURU KENYATA,16:06:00
UHURU KENYATA,16:06:00
UHURU KENYATA,16:06:00
UHURU KENYATA,16:06:00
UHURU KENYATA,16:06:00
UHURU KENYATA,16:06:00
UHURU KENYATA,16:06:00
UHURU KENYATA,16:06:00
UHURU KENYATA,16:06:00
UHURU KENYATA,16:06:00
UHURU KENYATA,16:06:00
UHURU KENYATA,16:06:00
UHURU KENYATA,16:06:00
UHURU KENYATA,16:06:00
UHURU KENYATA,16:06:00
UHURU KENYATA,16:06:00
UHURU KENYATA,16:06:00
UHURU KENYATA,16:06:00
UHURU KENYATA,16:06:00
UHURU KENYATA,16:06:00
UHURU KENYATA,16:06:00
UHURU KENYATA,16:06:00
UHURU KENYATA,16:06:00
UHURU KENYATA,16:06:00
UHURU KENYATA,16:06:00
UHURU KENYATA,16:06:00
UHURU KENYATA,16:06:00
UHURU KENYATA,16:06:00
UHURU KENYATA,16:06:00
UHURU KENYATA,16:06:00
UHURU KENYATA,16:06:00
UHURU KENYATA,16:06:00
UHURU KENYATA,16:06:00
UHURU KENYATA,16:06:00
UHURU KENYATA,16:06:00
UHURU KENYATA,16:06:00
UHURU KENYATA,16:06:00
UHURU KENYATA,16:06:00
UHURU KENYATA,16:06:00
UHURU KENYATA,16:06:00
UHURU KENYATA,16:06:00
UHURU KENYATA,16:06:00
UHURU KENYATA,16:06:00
UHURU KENYATA,16:06:00
UHURU KENYATA,16:06:00
UHURU KENYATA,16:06:00
UHURU KENYATA,16:06:00
UHURU KENYATA,16:06:00
UHURU KENYATA,16:06:00
UHURU KENYATA,16:06:00
UHURU KENYATA,16:06:00
UHURU KENYATA,16:06:00
UHURU KENYATA,16:06:00
UHURU KENYATA,16:06:00
UHURU KENYATA,16:06:00
UHURU KENYATA,16:06:00
UHURU KENYATA,16:06:00
UHURU KENYATA,16:06:00
UHURU KENYATA,16:06:00
UHURU KENYATA,16:06:00
UHURU KENYATA,16:06:00
UHURU KENYATA,16:06:00
UHURU KENYATA,16:06:00
UHURU KENYATA,16:06:00
UHURU KENYATA,16:06:00
UHURU KENYATA,16:06:00
UHURU KENYATA,16:06:00
UHURU KENYATA,16:06:00
UHURU KENYATA,16:06:00
UHURU KENYATA,16:06:00
UHURU KENYATA,16:06:00
UHURU KENYATA,16:06:00
UHURU KENYATA,16:06:00
UHURU KENYATA,16:06:00
UHURU KENYATA,16:06:00
KENNEDY,16:19:09
KENNEDY,16:19:18
KENNEDY,16:19:23
KENNEDY,16:19:31
KENNEDY,16:19:34
KENNEDY,16:19:43
KENNEDY,16:19:46
KENNEDY,16:19:49
KENNEDY,16:19:52
KENNEDY,16:19:55
KENNEDY,16:19:59
KENNEDY,16:20:05
KENNEDY,16:20:10
KENNEDY,16:21:46
KENNEDY,16:21:49
KENNEDY,16:21:52
KENNEDY,16:21:54
KENNEDY,16:21:58